<?xml version="1.0" encoding="UTF-8"?>


<beans
	xmlns:tx="http://www.springframework.org/schema/tx"
	 xmlns:aop="http://www.springframework.org/schema/aop"
	xsi:schemaLocation=" http://www.springframework.org/schema/beans
	 http://www.springframework.org/schema/beans/spring-beans.xsd 
	 http://www.springframework.org/schema/mvc 
	 http://www.springframework.org/schema/mvc/spring-mvc.xsd 
	 http://www.springframework.org/schema/context
	 http://www.springframework.org/schema/context/spring-context.xsd
	 http://www.springframework.org/schema/tx http://www.springframework.org/schema/tx/spring-tx.xsd 
	 http://www.springframework.org/schema/aop
    http://www.springframework.org/schema/aop/spring-aop-3.0.xsd"
	xmlns:xsi="http://www.w3.org/2001/XMLSchema-instance" xmlns:context="http://www.springframework.org/schema/context"
	xmlns:mvc="http://www.springframework.org/schema/mvc" xmlns="http://www.springframework.org/schema/beans">

	

	<bean class="org.springframework.web.servlet.view.InternalResourceViewResolver">

		<property value="org.springframework.web.servlet.view.JstlView"
			name="viewClass" />

		<property value="/WEB-INF/pages/" name="prefix" />

		<property value=".jsp" name="suffix" />

	</bean>
	
	
	<bean id="myDataSource" class="com.mchange.v2.c3p0.ComboPooledDataSource">
		<property name="driverClass" value="org.postgresql.Driver"></property>
		<property name="jdbcUrl" value="jdbc:postgresql://127.0.0.1:5432/TrainingDB3"></property>
		<property name="user" value="postgres"></property>
		<property name="password" value="Baymick2@"></property>
	</bean>
	
	<bean id="mySessionFactory"
		class="org.springframework.orm.hibernate5.LocalSessionFactoryBean">
		<property name="annotatedClasses">
			<list>
				<value>com.training.project.bean.Login</value>
				<value>com.training.project.bean.Product</value>
				<value>com.training.project.bean.Customer</value>
				<value>com.training.project.bean.Bill</value>
				<value>com.training.project.bean.BillableProduct</value>
			</list>
		</property>
		<property name="hibernateProperties">
			<props>
				<prop key="hibernate.show_sql">true</prop>
				<prop key="hibernate.hbm2ddl.auto">update</prop>
				<prop key="hibernate.dialect">org.hibernate.dialect.PostgreSQLDialect</prop>
			</props>
		</property>
		<property name="dataSource" ref="myDataSource"></property>
	</bean>
	
	<bean id="txManager" class="org.springframework.orm.hibernate5.HibernateTransactionManager">
		<property name="sessionFactory" ref="mySessionFactory"></property>
	</bean>
	<tx:annotation-driven transaction-manager="txManager" />
	
	
	<bean id="customerDAOBean" class="com.training.project.dao.CustomerDAOImpl">
		<property name="sessionFactory" ref="mySessionFactory"></property>
	</bean>
	
	<bean id="customerServiceBean" class="com.training.project.service.CustomerServiceImpl">
		<property name="dao" ref="customerDAOBean"></property>
	</bean>
	
	<bean id="customerControllerBean" class="com.training.project.ui.CustomerController">
		<property name="service" ref="customerServiceBean"></property>
		<property name="service1" ref="billServiceBean"></property>
		<property name="service2" ref="productServiceBean"></property>
	</bean>
	
	
	
	
	<bean id="billDAOBean" class="com.training.project.dao.BillDAOImpl">
		<property name="sessionFactory" ref="mySessionFactory"></property>
	</bean>
	
	<bean id="billServiceBean" class="com.training.project.service.BillServiceImpl">
		<property name="dao" ref="billDAOBean"></property>
	</bean>
	
	<bean id="billControllerBean" class="com.training.project.ui.BillController">
		<property name="service" ref="billServiceBean"></property>
		<property name="service1" ref="productServiceBean"></property>
		<property name="service2" ref="customerServiceBean"></property>
	</bean>
	
	<mvc:resources location="/StaticContent/" mapping="/resources/**"></mvc:resources>
	
	
	<bean id="loginDAOBean" class="com.training.project.dao.LoginDAOImpl">
		<property name="sessionFactory" ref="mySessionFactory"></property>
	</bean>
	
	<bean id="loginServiceBean" class="com.training.project.service.LoginServiceImpl">
		<property name="dao" ref="loginDAOBean"></property>
	</bean>
	
	<bean id="loginControllerBean" class="com.training.project.ui.LoginController">
		<property name="service" ref="loginServiceBean"></property>
	</bean>
	
	
	<bean id="productDAOBean" class="com.training.project.dao.ProductDAOImpl">
		<property name="sessionFactory" ref="mySessionFactory"></property>
	</bean>
	
	<bean id="productServiceBean" class="com.training.project.service.ProductServiceImpl">
		<property name="dao" ref="productDAOBean"></property>
	</bean>
	
	<bean id="productControllerBean" class="com.training.project.ui.ProductController">
		<property name="service" ref="productServiceBean"></property>
	</bean>
	<bean id="logBean" class="com.training.advice.LoggingAdvice"></bean>
   	<aop:aspectj-autoproxy/>
	
	<mvc:annotation-driven></mvc:annotation-driven>
</beans>